{
  "main": {
    "id": "a49e21f524f46c30",
    "type": "split",
    "children": [
      {
        "id": "5d8f183b8002a928",
        "type": "tabs",
        "children": [
          {
            "id": "5db9f05114cced23",
            "type": "leaf",
            "state": {
              "type": "markdown",
              "state": {
                "file": "30 - Világ/32 Hasadékok/32-1 Zöld Hasadékok.md",
                "mode": "source",
                "source": false
              },
              "icon": "lucide-file",
              "title": "32-1 Zöld Hasadékok"
            }
          }
        ]
      }
    ],
    "direction": "vertical"
  },
  "left": {
    "id": "f0091e27dec8e4c1",
    "type": "split",
    "children": [
      {
        "id": "8c6518b204929429",
        "type": "tabs",
        "children": [
          {
            "id": "b57d89548e92d151",
            "type": "leaf",
            "state": {
              "type": "file-explorer",
              "state": {
                "sortOrder": "alphabetical",
                "autoReveal": false
              },
              "icon": "lucide-folder-closed",
              "title": "Files"
            }
          },
          {
            "id": "82e7c2d5d0e9ce00",
            "type": "leaf",
            "state": {
              "type": "search",
              "state": {
                "query": "",
                "matchingCase": false,
                "explainSearch": false,
                "collapseAll": false,
                "extraContext": false,
                "sortOrder": "alphabetical"
              },
              "icon": "lucide-search",
              "title": "Search"
            }
          },
          {
            "id": "53e28f6b5b7fd8fe",
            "type": "leaf",
            "state": {
              "type": "bookmarks",
              "state": {},
              "icon": "lucide-bookmark",
              "title": "Bookmarks"
            }
          }
        ]
      }
    ],
    "direction": "horizontal",
    "width": 300
  },
  "right": {
    "id": "83510a410bf49525",
    "type": "split",
    "children": [
      {
        "id": "29721d26b2a20c39",
        "type": "tabs",
        "children": [
          {
            "id": "ceb2f8a027c86956",
            "type": "leaf",
            "state": {
              "type": "backlink",
              "state": {
                "file": "10 - Krónikák/15 - Az Új Ébredés.md",
                "collapseAll": false,
                "extraContext": false,
                "sortOrder": "alphabetical",
                "showSearch": false,
                "searchQuery": "",
                "backlinkCollapsed": false,
                "unlinkedCollapsed": true
              },
              "icon": "links-coming-in",
              "title": "Backlinks for 15 - Az Új Ébredés"
            }
          },
          {
            "id": "7a5aa3580da1cd12",
            "type": "leaf",
            "state": {
              "type": "outgoing-link",
              "state": {
                "file": "Teszt.md",
                "linksCollapsed": false,
                "unlinkedCollapsed": true
              },
              "icon": "links-going-out",
              "title": "Outgoing links from Teszt"
            }
          },
          {
            "id": "1b3185d753d2b728",
            "type": "leaf",
            "state": {
              "type": "tag",
              "state": {
                "sortOrder": "frequency",
                "useHierarchy": true,
                "showSearch": false,
                "searchQuery": ""
              },
              "icon": "lucide-tags",
              "title": "Tags"
            }
          },
          {
            "id": "38c32fbd3788d008",
            "type": "leaf",
            "state": {
              "type": "all-properties",
              "state": {
                "sortOrder": "frequency",
                "showSearch": false,
                "searchQuery": ""
              },
              "icon": "lucide-archive",
              "title": "All properties"
            }
          },
          {
            "id": "713ae27d06d0d578",
            "type": "leaf",
            "state": {
              "type": "outline",
              "state": {
                "file": "Teszt.md",
                "followCursor": false,
                "showSearch": false,
                "searchQuery": ""
              },
              "icon": "lucide-list",
              "title": "Outline of Teszt"
            }
          }
        ]
      }
    ],
    "direction": "horizontal",
    "width": 300,
    "collapsed": true
  },
  "left-ribbon": {
    "hiddenItems": {
      "switcher:Open quick switcher": false,
      "graph:Open graph view": false,
      "canvas:Create new canvas": false,
      "daily-notes:Open today's daily note": false,
      "templates:Insert template": false,
      "command-palette:Open command palette": false,
      "bases:Create new base": false,
      "obsidian-leaflet-plugin:Open Leaflet Map": false,
      "digitalgarden:Digital Garden Publication Center": false,
      "obsidian-git:Open Git source control": false
    }
  },
  "active": "5db9f05114cced23",
  "lastOpenFiles": [
    "30 - Világ/31 Régiók/31-1 Karádorn/31-1b Drakhal.md",
    "30 - Világ/32 Hasadékok/32-1 Zöld Hasadékok.md",
    "Pasted image 20260125121627.png",
    "Resources/GreenRift.png",
    "00 - Bevezetés/01 - Üdvözlő.md",
    "30 - Világ/32 Hasadékok",
    "30 - Világ/31 Régiók/31-5 Morvund/31-5b Duskmire.md",
    "30 - Világ/31 Régiók/31-5 Morvund/31-5a Morvund Királysága.md",
    "30 - Világ/31 Régiók/31-4 Sylvander/31-4b Greenmere.md",
    "30 - Világ/31 Régiók/31-3 Tharjan/31-3b Zerak'tul.md",
    "Templates/Map Template.md",
    "Templates/Map template new.md",
    "30 - Világ/31 Régiók/31-2 Skarnheim/31-2b Frosthall.md",
    "30 - Világ/31 Régiók/31-4 Sylvander/31-4a Sylvandar Nemzetségei.md",
    "30 - Világ/31 Régiók/31-3 Tharjan/31-3a Tharajani Birodalom.md",
    "30 - Világ/31 Régiók/31-1 Karádorn/31-1a Karádorn Királyság.md",
    "30 - Világ/31 Régiók/31-2 Skarnheim/31-2a Skarnheim Fejedelemség.md",
    "30 - Világ/31 Régiók/31-5 Morvund",
    "30 - Világ/31 Régiók/31-4 Sylvander",
    "30 - Világ/31 Régiók/31-3 Tharjan",
    "Skarnheim_Politika.md",
    "40 - Bestiárium/Untitled.md",
    "30 - Világ/31 Régiók/31-2 Skarnheim",
    "00 - Bevezetés/02 - Bevezetés Valtoris Világába.md",
    "90 - GM",
    "Untitled.md",
    "10 - Krónikák/11 - Valtoris Történelme.md",
    "Templates",
    "Resources/map.html",
    "Resources/Zerak'Tul.jpg",
    "Resources/Greenmere.jpg",
    "Resources/Frosthall.jpg",
    "Resources/Elaron.jpg",
    "Resources/Duskmire.jpg",
    "Resources/Drakhal.jpg",
    "Resources/Atraxia.png",
    "Resources",
    "30 - Világ/31 Régiók/31-1 Karádorn",
    "20 - Társadalom/21 Politika/21-2 Céhek/21-2e Tolvaj Céh.md",
    "20 - Társadalom/21 Politika/21-2 Céhek/21-2d Harcos Céh.md",
    "20 - Társadalom/21 Politika/21-2 Céhek/21-2c Kereskedő Céh.md",
    "20 - Társadalom/21 Politika/21-2 Céhek/21-2b Mágus Céh.md",
    "20 - Társadalom/21 Politika/21-2 Céhek/21-2a Kalandorok Céhe.md",
    "20 - Társadalom/21 Politika/21-1 Királyságok/21-1f Morvund.md",
    "Képek/Gemini_Generated_Image_3bjn7z3bjn7z3bjn.png",
    "Untitled.canvas"
  ]
}